PC1,PC2,PC3,PC4,PC5,PC6,PC7,PC8,PC9,PC10
5.92706678022571,-3.5054166239489253,-1.2627635803392052,0.9183279694387059,0.25333437719347,-0.21255389713703685,0.5370346912343676,0.2899698952401888,0.16610251258085956,-0.06374586905837067
5.157012357693278,4.175215698216559,0.29262111268555235,1.9521601475005734,0.4839123671509614,-0.9745728403583188,2.6637370260280235,-0.7562328212875639,-0.26784832296083566,1.0775290487145106
1.173012572267149,-3.4084984169364336,0.41472935086410917,-0.2648243714599563,1.8031228169140077,0.11608132794171845,1.6765946321673022,0.30868932366972945,0.7878213146742202,-0.13864384074599742
6.369326784919222,0.7392849884998921,-0.7323677385296864,0.14366086805353845,-0.2106059751726934,1.6585668424540292,1.7180246311970075,1.021146618938638,-0.20156765037193838,-0.47533249247847864
2.786797149009066,-0.666649183774649,3.3943818000149295,-0.2679201655398249,-1.0239331084573509,1.203930631430995,-2.6574743917299224,1.050990195602555,0.36721228928654465,0.04898517956169818
2.715007171041351,-1.8273868979458017,0.1705252607735237,1.0055654204118745,1.068241172104873,-1.0897995394666138,0.7552113020998749,0.3806915511831003,-0.9108623125661249,-0.9437801150998232
8.641097097312054,2.8063892718023453,-1.430084490380318,2.257343814353965,1.0601872063275455,-0.32945353713468695,1.7312194128192722,-0.31161957265136236,0.14411885128135984,-0.04923291381507381
0.15466632153452392,0.09887182010949812,-0.7860236626566385,1.3213969016693328,-1.1755956225292639,-0.30037978601210963,-1.7307966020239631,0.62637700947728,-0.450380203756432,0.24697241099818326
-0.6485267128229821,1.1249528665857478,-2.7034632452004663,0.787443991145593,0.001718077026071154,0.7856328495172894,0.237387364284829,-1.4161470829078018,0.5635080254785967,0.2221103500244275
-3.538746284211694,2.784474204535768,0.16665038755892378,1.2116468943314809,-1.9289933489949642,-1.341552338190388,-0.44320680187019457,-0.214856422190123,-0.6431212595720778,0.13631342962199192
8.051116355159087,1.5339977484977247,-1.6660180459980098,0.34985576564313836,2.6891660541685662,1.2324706027558185,0.6256029640871469,0.541177288959476,-0.7680353644237355,-1.24502613703882
5.3663709210306205,-1.636711015286507,0.8516635321834732,0.8733645700499021,-2.9663832207449135,-0.08289996458854595,1.434414631594321,-0.1538142657435466,0.020426545243326034,-0.3027147046551755
9.122187529522341,1.2203562101676315,0.9803834505038769,2.3315275326549685,0.8407851251486196,0.25297930834873666,-0.3989951751929003,-0.003383059547249211,-0.375316031084747,0.38522569372696946
3.9190309570326343,2.0473031760699527,-0.9488113315467874,-0.9679569589517066,1.2159723862584186,1.5576452325765882,-0.2328466461087871,0.8641960658612444,-0.4272557019379508,-0.35499603877366576
-3.7287750987374824,-1.7517038230161692,2.224250814206988,-0.36920801221354627,0.20984117473673966,-0.4964337034678977,-1.3609069625858072,-2.0330240285704875,1.4678778901059466,-1.5026538110431762
2.970368432927893,1.9869208480176617,-3.094705525332468,-1.4994172258912504,1.0317408900294835,-0.767569765697565,-0.29485942018256495,0.35045997107803484,-0.619751449989067,-0.7593652006027342
-1.128242278154468,-2.512332441142009,-1.054303769728848,-0.46335051262724686,1.6949017248096163,1.2536003455391849,-0.13258926570465393,-0.3173513597677799,-0.7904912918044191,-0.04212632753244245
3.3393692643277686,1.9735702603586307,-2.1668267265325847,1.0014632531522927,1.3209102625995615,0.9067980259304877,1.1638452689459682,-0.021999365551425676,-0.21472148890784915,-0.44131430566039437
1.3452749643078818,0.23740333359822324,-3.777237221490733,-0.28007034557424776,2.678557220748873,0.6917020175174334,0.13435762932729248,0.22018300314080122,-0.7195049747186824,-0.8531305434081496
10.705495016663045,0.44938504003282925,-0.818458990834788,1.1335736721801293,-1.9741458410492536,1.0581745211311246,-0.268046246159899,1.4133973417504744,-0.6068919761249556,-1.2558320543931527
-5.293520265868876,2.480538123005545,0.04715075941409164,0.82287780832044,0.2824660897166902,0.7591297325991962,-0.5674569433133277,1.1540475302518485,-0.15685423147829003,-0.07861729676847064
4.092464701916546,4.00158245620076,-3.20072720841314,1.1532724908383134,1.6718316526788655,0.43890687713509463,-0.040435857775751094,0.4132548224669563,-0.534689360340697,-0.2252364948536345
-1.1545246466458028,0.46779434247647395,-1.9996270840345534,0.27095364818431666,-0.26362720354424934,-0.7590109389951533,0.2097773898778996,0.11899954790917834,-0.8686911464430093,-0.13637598233031886
-0.37450757662153444,-1.3113941285244097,0.23977596670471346,-0.47080396969106897,1.7040060024485046,0.6645595124621653,-1.0750135090605248,-0.9555291396261363,-0.5114265804328507,-0.25304610824943297
-3.1734635120978782,-1.5032033184635714,2.072848178160323,0.5567562510253752,0.2369411296267523,-0.011276797735596483,0.6618737809903571,0.09682141175758627,-0.2907497003255388,-1.236180059591275
-2.5153888980017736,-2.0449982442797627,-0.9849090085891896,-1.7190603773448716,-0.17170458289600515,-0.6357208380620358,0.623245839388428,-0.026893538932408187,0.4701968046540994,-0.3323404460765401
-3.252762865549033,-0.4326456341968624,-0.2996322668742542,0.6372427532296985,-0.25670104594322607,0.6279402014414859,-0.17829664134605477,0.6036463555343209,0.026232488763969868,0.7229737001950809
1.2155527573224978,-2.659997283354069,-1.0335949895880454,-0.32497365074402024,1.6519983274054144,-0.8378891189131358,0.08568805134979429,0.20553584698490945,-0.6027173449887984,-0.19311377548176703
-2.570267321121043,0.5131435978711213,1.0986395742964312,2.6131457756176384,-0.14843975787644884,1.4270859745983515,-0.8033124099331973,1.0548715192980513,0.37286486784633116,-0.5867941357440191
5.180155186650014,2.081240746788353,-1.4091159681735188,0.5660082443218956,1.3171253256741693,1.2608450185490687,1.3848373396330158,-1.1482003090799255,0.1727154758181605,-0.7375488854345587
-3.3464271333842444,-2.339305564990488,2.115114001988293,1.3873848612348803,-0.3751255221553818,0.5055085877096731,0.9938677476119077,0.38451410259435176,0.2613968511482944,1.0919154960295403
-4.665694956049771,3.7312564790121434,-2.132487234700905,1.7143434623182772,-0.5963664216664699,-1.1222871059933923,0.043612834977143404,2.0755264744541484,-0.22340954732183108,0.05225045530639873
-2.5532204551850946,5.134215390244031,3.157238075223422,2.5100774159907595,1.0798846632056234,-0.7898314771982694,-0.8041388566506222,0.3485104590869557,0.12213577902735794,-0.7152099529635704
4.372638189650997,2.9825725227817745,-0.6470720628442146,0.946965107547958,2.2569555939640793,-0.8493783357144145,0.5458793568439891,0.6548523760160058,-1.0638098125040523,-0.4395898326643817
4.454271573634347,1.7585785963948826,-0.611786229820016,1.3854806886220266,2.082223406933771,-0.5331433923837114,-0.3140512185999348,-0.7389163727039836,0.5773226548099752,-0.47376335512176077
-2.767673476123946,3.9967727698767765,1.5972951896086351,0.8017971718909428,2.2738019177780853,-1.3489281589761646,0.2581243543548601,0.3101067320584584,0.5552014686716755,0.05048169134440244
-3.2316881923785923,-0.5053057302227275,1.1031152871394199,0.06083916043655744,-0.11061681785533951,-0.8860407831099415,-1.087840803671626,1.5129585542630346,-0.5272562584680098,-0.3390318455127653
-2.9277552463776892,-1.048100020980806,0.11173733658018385,0.9837809267430504,-0.7907580829972329,-1.079625981864026,-1.3958693580081005,0.4896083788747703,0.41228285347500854,-0.3403806995097288
1.5340389972826187,0.7059399871848304,-2.8274331655623315,-0.7177704129724074,-0.4656257354593905,-0.9707683226237734,1.2598745794219635,-0.4599938384967853,0.1385538008100895,-0.22369141619123445
-1.836188084557854,-0.666930517486736,-0.7643489883821204,-0.435074131261414,-0.03927992352340316,0.0044450400006759115,0.1068162545347476,-0.6549548563422518,-0.7050319737132617,0.1764872764326371
5.141927580929092,-2.3614374864779415,3.1510297709619373,2.217394828205407,-1.8296353178518185,-1.656352172762272,-0.045769384876875534,1.5662360377274342,-2.48553131084698,0.39837193512958774
-1.063862689170452,0.062339697520808805,-0.5889931949253737,-0.0009466483564450567,0.3428586432216219,-0.020981710204379406,0.09012237423964276,-0.5533671649404042,0.024717882369825955,-0.10489713391347655
-0.831342039253721,3.088275429585033,1.6697974924357681,1.165032832338242,2.2510743422640727,-1.7661115289847331,0.5561695950834805,-0.34646590384489234,0.3623739042597386,0.864367279498214
3.3833320239725966,4.412133775415102,-2.228683176031461,-0.5482539625496509,-0.16708948558603856,0.8420761005754936,-0.650019779036447,-0.07747743676691218,0.24660233389986969,-0.45543280319597473
-1.5196076017928783,0.9658502054060315,-0.969313399436856,1.1948262921984054,0.7962733248739874,1.362076484325374,-0.6081383587792802,-0.21676999492028948,-0.45922325641537254,0.7435916090257502
7.6036881015745506,-2.0190513155078156,1.8701489880410516,3.464923893726684,-0.7241943743992689,1.1053992983409864,1.3778510296590325,0.29944689637834604,0.3470142033871786,0.19091139821755312
3.092843049004998,0.8798120197932915,3.6068295951557277,0.5354817593376355,0.22325911745847318,0.7577528999870454,-2.1633382596964323,-0.3389458759996328,-0.8246366353132867,0.623881175572651
7.91598359634696,-2.674896262427207,-0.8026280778903195,0.5809592388694892,0.8113463020438813,2.3719309231312824,0.5386508849253572,1.078606167209162,0.35282128993234235,-0.336278520276049
0.43010569097925333,2.0423341700486044,0.8791734834445978,-0.5848331136876719,1.2425277431031092,0.6502279065914833,0.22603241133935145,-0.1644715938247477,-0.07292305712081544,0.4682050866604297
4.133469071974726,2.158015418665504,0.43899453817787554,0.8929106289667097,-2.949832307825517,1.50556778715794,0.34976784595048394,-0.9845875830167199,-0.3377015484163008,-0.01696931759504252
-0.24515871151498594,-1.8602767978804842,1.2425899258488202,-0.029713097205125688,0.7812439674889456,0.3767050229561057,0.7336841523765604,-0.5218753678051581,0.8368579784924355,-0.15038446899416602
2.45730950911925,-0.061056778308172355,1.3545298258752019,-0.35636250622582544,-0.6869255928835558,-0.49543341921304057,-2.7218189834022173,0.7561273625120911,0.5037175259179778,-0.38413894999437054
-1.50992177660686,-3.8985042232594,0.7895860912130829,-0.9409604054330409,-1.253840707647212,-1.0528658771690476,0.5151260622537172,-0.444640804323491,-1.606484451146555,-0.5446605872176179
-0.9050175907188823,-1.0304745293166593,0.38945714294936107,0.6654927957006707,0.4301430562157035,-0.6119750468227874,-0.7015748383616869,-0.6079116511753035,-0.1167876271961998,-0.5353014814240337
6.5702181259235175,1.6615753600079608,0.25807608703223206,-0.2867013651654758,-1.1321714207167881,-1.0796612643501384,-1.0054719480001213,0.3771592441610473,-1.4996931240163667,-0.07125164439729353
-2.007201056457481,0.7084891378212844,1.5267211089662833,1.1423638446352422,-0.9409761375582304,-0.5103427011465741,0.35201468106891887,-2.199184793592048,0.3320503314224824,-0.23362017464886342
-4.035401847149418,2.461829374527712,2.5894876554545183,-0.13804213773620802,0.8639621844075784,-3.2276803756724357,2.210948541065878,0.3205719583101529,1.170089782430837,0.4098056112901774
-2.2627618912354537,0.8523104698824904,-2.2691122702896664,0.18764377672271648,-0.9997710207142391,-0.6343608872391399,0.4815450417789607,0.6266069913038765,-0.26294787130223213,-0.2844488013861772
2.905061824306585,1.6974725592190483,0.6073486100890564,-0.846358119042865,1.0559006063048084,-0.8355431829494471,-0.2633866192178266,-0.6606917600759036,0.17888173026814408,0.8702646820967451
1.6841482942713721,-1.4440543051182129,1.3834253815005557,-0.17400470772857082,1.811517713354676,-0.7184830922565154,0.4747056162138141,-0.09885430704206177,-1.1128340902352953,-0.6646966541702445
-5.677516703248612,5.407245612580188,-0.3566796498344995,3.2149995168824455,0.5441790943600291,-1.074274862901928,1.8338254449308853,0.03594833466711783,1.0358180003334898,0.3791521618862784
-3.238025465018155,-1.779696168862767,0.38792842705903885,-0.2876040727263611,2.320408344400624,0.21843960654231578,-0.5832907757840848,-0.703803282397432,-0.5036414662794851,0.2810326690790063
-1.516721864583263,3.293212982684865,-0.24186708687883474,-0.18475333657030632,1.020880887153347,-0.9135512965761649,-1.071739603510431,0.020044097931600235,-1.0792772348249493,0.8750096661270659
-2.3329770139537893,2.4526367032698957,1.9068285732664172,1.6646739535971162,-0.02827557743551841,1.3849888919749604,0.03007222501871655,-0.9316391828156901,-0.21066398904423247,0.9038813300273356
0.6021653564516752,3.265084229783392,0.14454609719522674,0.3657106418999293,1.1688824408853191,-1.7553084280588631,-0.3918538370984161,-0.40997746231635374,-0.76314727061087,0.04762739765589324
-2.8356761245728834,-1.2336715969086178,-2.0254486219440837,-0.8630371196947324,1.556092133119297,0.4564962642786854,-0.3271914919959983,-0.5068713971757548,-0.37348056155127013,-0.42069872403755415
-1.5179155580826407,1.4846915105779284,-0.6789587699151836,-0.4013648889142666,1.9252000954624842,-1.5694228743961283,0.060668533865523976,2.0782226908532206,-0.6741248165462704,-0.1821062794700423
-0.4057637281130599,6.12522149830326,2.697756089886142,-0.43533230816517765,-0.7856666277114551,-1.3302787288674958,0.3332373678110686,-0.9755898834007488,1.211773758976723,1.2942725219468016
-2.2796873951448955,5.267312938811675,-2.3381096576371383,0.10840075584645051,-0.1095324934930793,-1.7237406154710995,0.4470516721515418,0.6788816957890217,-0.5582859767075659,-0.5981860539361034
-1.0582239125375128,1.0386272489881787,-0.062210889727916,-0.4379956317414956,0.7628446351233756,-1.356773640008033,0.9149447096193323,0.5107856550441063,-0.48563188996268086,0.9160255965111004
6.589246434581032,2.910765628021301,-2.425641762332191,1.8164160933716726,0.547044077541201,-0.3607100937888905,0.3816374251536217,0.026192579977691432,-0.4889980853951219,0.17773738482898796
-2.523846266046149,0.7692885071960798,-3.391216966615499,0.22272139972880453,-0.8356092786268775,-0.5108337584765784,-0.2640093522973094,0.8434928459126276,-0.7456959595856885,0.095279821944257
0.888915079162699,0.226784434644011,-2.0307588310403677,0.9998471346383873,-2.0243195101423956,-0.020480417733433842,-0.5316052240857337,-1.516749933825501,0.33552120647394607,-0.6049859822092152
-0.854815135413373,-0.3827845522505745,0.05499110323831633,-4.230630039141732,-1.0619250204997128,-0.2320850878838205,-0.6984469369306426,0.1630344860098157,-0.36474110906765406,0.6318465319431247
-2.561060383128243,-2.486955211616332,-1.0932375276454755,-0.28546778501146935,0.23021835578217523,-0.5364336577718914,0.46912752968515503,-0.5068194165077352,0.2283021880792271,0.5107391183675474
0.8868989313184441,-0.9363918128211945,-1.6769547277359942,-0.012051958027777478,3.4452012898077857,0.6224933653597831,-0.12540884459255888,0.26015798741115975,-0.782046336820352,-0.5563991123834061
6.088061977941702,-4.78939349406302,3.163984861996287,0.9789837650837147,-1.965169527308068,1.6978716561829816,1.0605764730722729,-0.11140767365702754,-0.9409251771311075,0.46246103518954235
4.170220359291086,2.742636726859287,1.1122485677395249,0.6782528586433259,-2.9152530569407626,-0.7073546064236576,-1.2799623665119657,-1.3979857073209212,0.9049038998292444,0.3233080499422667
9.46845718638648,-1.5149594942952842,-0.1638449304809684,0.13888107099353,1.1038879868221418,1.3065913951202601,-0.512172721489313,-0.8535194836734278,0.6730345085586696,1.08946134504457
-1.2050368207895954,2.48282753165396,-1.5615602903343346,1.5379646512566016,-0.9392379255626914,1.085606521626072,0.439655538218239,0.4150684254311435,1.3063433930439792,-0.17430540686164048
4.520697706621175,-1.0363180981905618,-0.7730647151481352,1.5239188803330883,-0.07431447166680245,-0.9749730454811814,-0.1906101182063708,-0.18225132802350757,-0.8900092895267414,0.13407104440434436
4.20286642377775,-1.281718209626072,-0.37104080203744944,1.6352704481842057,1.5156349945716625,1.171142473704988,0.09940990095524516,-0.8676375827503574,-0.3083692018208837,0.7894935238553052
1.1786131945640255,-1.9205835453045206,-1.1531006737303895,0.5999345621842527,-1.5442916519330687,-0.08363146917244997,-0.9182197579057183,-0.7500730395845001,0.352310220138767,0.14463397059208857
6.0154568686691965,-3.7042312666099435,0.8231664359248578,1.4228191618157473,0.6944497767368091,-0.5892936484444301,0.9770811681108339,0.8409237268496177,-0.14655434931731484,-0.047926380253690976
-1.080487182848904,-0.09170225066057293,0.37771690644068134,-0.3672080378152493,2.286562530251391,-0.8609183498806905,-0.45877783169808456,0.6814373160410998,-0.022442326443007057,-0.08324462347452807
-2.9630407894413224,-0.32456554744764915,-1.1906330160737417,-0.013322862183646736,-0.043994452562560564,-0.10898423775031268,-1.0312813342873695,-0.9691500944026334,-0.7416061089410869,-0.15048689281483024
-0.9686367997874094,2.54952667957916,1.2629569639618303,0.5194894577099927,-2.561197559947453,-2.622584323931591,-1.8096052689149298,-1.1105056875318164,-0.6356507787411609,0.7957331792892652
-5.796557144278211,0.9025283428734061,-1.8424327868837576,2.0281526557118785,-1.0063366713882542,1.1081018967055367,1.2669619978355742,0.5964148297837077,0.48156808274840374,0.6427469409001918
4.77648927620307,-1.3858929142718763,2.091711164590521,1.908854818330972,-1.2814728391320742,-0.3763670157265388,2.1178488516097946,-0.08328943992222528,-0.6866665003394602,0.06551911498348516
-1.9905735799692346,1.7924658259921242,1.0115050491584494,0.8463024999924438,0.771836399437227,-1.0894746136280913,0.4933916809647853,-1.1722900803402665,0.7941259896361982,-0.7091263050113193
-0.8941369112133336,0.15540762136416988,-1.8981112199517447,0.6927291172761316,0.1634729612150852,1.4377518441649078,-0.23772215241822053,0.5179600936465073,0.10837576798497318,-0.587476070861256
-4.23365910097779,-0.9276524071753772,0.6926871137741638,-1.1390880789874103,-0.7521603818477725,-0.4437971627789265,0.1734441887913622,0.33472816131113253,-0.7493657561059813,-0.20792529315395397
1.531914287646362,-0.049420546358215536,-1.5490476375635616,-0.629213707849411,-1.3249563845466834,-0.5240529385044755,-1.230386252871943,-0.5599452743170363,-0.4872432677929949,-0.3111404917195222
-2.1800645047225915,-2.934953611025245,-0.8056542694482783,-1.698374384305782,-0.35873034757034505,0.3691683851240942,0.5519564373814727,-0.4732139961170564,-0.22076278682002307,-0.2006770216010413
-3.843453129516757,0.5290081688379311,-0.5293076334386128,2.1045310966185142,-1.2016725386659068,-0.22396665194982585,-1.2472621484929847,0.7256228642151934,-0.056588474713522095,0.1393259308909224
0.3701892367430403,1.7888622849039983,-0.9177480531534082,1.3108204421211818,-0.5443075045357133,1.4275738091661572,-0.8675871183535572,2.069770538646483,0.6075439995147773,-0.3234280463745126
-1.7745260061242767,0.3134939129719532,-0.8839891651359063,0.27744676940550644,0.6819866720256427,1.2415429857824936,-0.14785204616117958,-0.17580246599656674,-0.3454433518592946,0.5883233892691625
1.622549629950781,-4.160287737213566,2.852992728294485,-0.5783708338172584,-0.16089270960589647,1.3630427783944676,0.187106373850426,-1.7537067591391056,-0.8563090369800043,0.6735219249647336
-3.4626928459241624,-0.7174267260326322,-1.8100034416225401,0.037677648221208795,-0.8045302431944742,-0.8050942748455961,0.12413664793779086,-0.010842715160186736,0.03218130499028835,0.13814254013149715
-4.787705303967266,-1.3675542106738074,-0.7023944837899416,0.21939719321106604,-0.8877801180157915,-0.18662965935583023,1.2576560201731712,1.1559922295098253,-0.40195082075477473,-0.1410243361544288
0.9686843616301696,3.311683725493055,3.413252880771907,2.1384009932472576,-0.48781615174501186,0.9760886377035072,0.3534443902644249,0.23569526539314867,0.18472169388189377,-0.5364315125765488
-0.1574622786020334,3.040388478845803,1.9111917262241414,-1.1393390679475082,0.7287637054111308,-2.1891662929018234,0.3354042327898523,0.612918559603242,1.0505802847904697,0.7655809771445977
-2.3778537850015824,-3.715276451989069,-0.1855023634089466,-0.37530769992429663,0.6499025726963202,0.5385649894104295,-0.7500540219248282,-0.3799077271941,1.043682191461275,-0.44592258888204667
-4.5124524309116945,0.25980691479216145,-2.3759191439591634,-0.022122540730714523,-2.0557266634675155,-2.5979330590440366,0.14041120105107424,0.7237305673878621,-0.33937686080774665,0.016723708095221137
4.561269046489309,-2.459382745383755,2.555167266646119,1.1241715492715914,-1.3660296978865973,0.5555376579496782,0.6269933485243551,-0.23718408143350483,-0.3533971442258733,0.1165764558582
-0.8278088348552425,-2.387588671027177,-0.3854100739220002,0.6293975359089361,-0.13515260434728293,-0.7410968903208118,-0.5099419718735275,-1.454381375866141,0.2419226540450613,0.5761471472896326
-1.8820155658643798,0.42447434886734137,-1.1222107731750237,1.8136923585404447,-1.7321730696064732,-0.40236075242375263,-1.6139593252849949,-0.06575327196104702,-0.4153346219341219,0.5410052903132379
1.0152602275625293,-2.0712028139004928,0.7071568243481028,0.8796655239545551,0.7710182319159745,-0.6712878721568378,0.6631435639335452,0.7116211704588379,-1.4610465760987195,-0.6710568505876662
6.4096706488502235,2.408462501148245,-2.8743463027252107,1.176429898579099,-2.1863383939273913,-0.5318810157796894,0.20756756918077512,-0.8392747129371707,0.11823343045961383,-0.7344988150810073
-5.246402778435187,-0.2970660818780259,2.266335613249705,2.979076487917709,-0.1075022661573657,1.152394432175423,-0.06905503989306411,0.03806914561709086,0.4791169961268839,0.09026682462626942
-6.391873902418016,1.7502223135045196,-0.014175140588829958,1.5944061833908743,-0.7709436967915858,0.031966013739231906,1.131655741670171,1.0934406771879055,0.8697328326744622,0.24208981620615141
6.614483568260529,1.9587686847551433,-0.5714991497058644,-2.2232337622886624,-0.07235680211548733,0.19772767990056678,-1.2563673721986384,-0.19934054395441408,0.1314322017682121,-0.1962602823179973
-5.210387415720856,-4.717406086163443,0.6708819039565851,-1.3874900611789907,1.5787205314394812,0.7023120767688505,0.1957751146016893,-0.06303497405954651,0.3495030977835182,-0.15546389251914894
-3.775880830921917,-1.4613025615127966,0.07076374109635301,-0.20460502395059718,-1.752281313771875,-2.6090040133077297,0.8808120765794142,0.15266781113472774,0.23073785611021924,1.1761672003799897
3.4297252493649584,-1.8634251336617749,-0.8291921677241035,0.05840456479486258,1.611052605423211,0.38738342878243986,0.4886406302409738,0.5953982801346261,-0.08011224598150787,-0.6694042878496335
-1.5566513776303321,1.6085934218135685,2.0816707206617155,-3.1951854499139802,-3.1559445178959646,-1.42646743828548,-0.5040152750383179,0.1598393529875711,-0.14429858049420588,-1.1321794508261789
1.3961014898064048,-1.0106810836510933,-3.1056531176764572,-1.0533339051506814,1.7991857291601192,0.6909179471284482,1.0002402257786855,0.16743976523819223,0.5355714449623781,0.1087772454407079
2.9746127752431915,-4.936738970872115,-2.845770789962744,-0.19527941579883615,0.6179860271819904,0.473902121544707,-0.5322968477531895,0.2772274837604246,0.5400260682057619,-0.12581985384861435
-2.2902382249188697,-0.1865467218476563,-0.47260892761289974,0.38201619272836534,-0.49214107124682743,-1.1933072331227366,-1.0169140809976427,0.23816877541080456,-0.5199397592718839,-1.1471684851832902
-3.436593711300954,0.4788698391902496,1.1839818808410145,1.8843147621393397,1.3275520993689007,0.5823032576905711,-1.7428304185595576,0.2324112966203956,1.2328879714063794,-0.848040767905634
-2.84466063794134,-1.2966731362811905,0.020314688571895924,-0.5180259165574119,-1.0553655509832858,0.7069779982626408,-0.8030819138086903,0.21236358421455326,-0.47796924710790945,0.11530925834921514
-0.09175902280399312,-0.09828081655779543,5.839363582967238,0.9305230663117207,-2.3203900565801012,0.9487998604626932,2.614547959993456,-1.1897214897965518,0.05017961499962853,-1.705083027216839
4.357514690852713,5.009674767733156,0.937616407912011,-0.7416311550197052,3.320301744249601,-0.3768614555861094,1.40546170005069,0.8048122286622249,-0.24760486811550325,0.46304655985565263
5.904890013402215,3.401695668695062,0.6957163671075487,-1.8841026438828001,-0.7295698846813697,0.6451017469489181,-1.4257817012987994,-0.18023821521640965,0.5505552754881019,-1.1716798716789372
-2.156217828438706,-1.1303634288397781,-0.6254214589274992,-0.24430070151407754,-0.2701292314586906,1.4448718814949324,-0.9382258096612953,0.12547590400270234,-0.3882689223773737,0.37282630538114286
5.146249429528715,-2.815115172543025,4.558496395629226,-1.8664691212075264,-2.789594736585357,1.7134573670138968,0.866432225656435,0.07827667954909083,-0.18009727810935197,1.1090870525083671
7.89901968118653,-2.6202757128257828,-0.2261446715378019,-1.0448364490282034,0.6321776333409828,0.9239136055851824,1.1331793070600653,0.7396393058618824,0.5790451330826751,0.5913821696217662
-0.2535546393823809,0.6808428654067609,0.5073105302112743,0.8367671611105637,0.8568128880966885,-0.6105317802885103,0.14186072783836828,-0.4372999770155895,-0.791217145282753,0.9423078987095085
5.001107374959013,-2.395553259377766,-0.5498683585095404,-0.6414547946560062,-0.5260922122609293,-0.4725948974350358,-0.43352721068877315,0.8445986782466381,0.1957341897854003,-0.7306705272215042
0.843738436086301,1.4622880530498066,-0.1893713626035009,0.7978279445954182,0.09119465690012306,0.03255786358363525,0.5300355843728106,0.0048967089222099235,-0.6539009814437121,0.2949888611430136
1.8653603255901916,-0.6071314479804789,-2.9237332091870023,-0.26340445347708646,-0.26835968320839426,0.33374882502773767,0.6458961248902497,1.6882278251017941,0.27122781540855095,-0.22386186433419827
-3.6880267858046722,2.237405714513576,0.18441368836725713,2.2166226034625467,0.721104935741723,-0.5346456084412733,-0.9088717867584952,-0.045764388495831074,-0.05368345808366933,0.4352960819686705
3.3748021371946204,-3.778293432327806,1.815714909426293,2.4212668594485063,-1.065168856094778,1.9079278639289343,0.6949757519285796,0.31864897070210374,-0.3874212093314006,0.23970286365452015
1.9156408482266483,3.696875548233134,-2.0965303495113115,-0.26908916439988223,1.9210332407848645,2.3763489111862452,0.8532385891742021,0.2746274658060676,1.7267695236792275,-0.9422434622984459
-0.5630410910538435,-3.323848570683767,-2.706677387982534,-1.534321769622322,-1.6368993772346982,-1.0234335348591959,-0.14967999756948136,0.624518352335888,-0.25126032073802096,-0.13323666809491058
-2.474997798933888,-0.11750711011842566,-0.6204533293801049,-0.9954594278993572,0.44507643714686346,-0.3836790044380133,0.4068227631440424,0.2684341702828284,-0.15536671193679122,-0.17543101132198985
3.696503176211281,3.7970057897066853,-1.808900151707221,-0.43456341881325,0.473818757906172,1.4728870962602465,-0.058076633640152434,-0.5163684677635461,0.15261843093474428,0.2490466876282161
1.2226597900882534,4.078367353405495,1.7620367557976024,-0.6905350999420078,-0.3220274287688303,1.6562374103585682,-1.6116473817091925,0.47359076770229164,-0.26604919538647964,0.10734511294146423
-1.9841406596079343,2.1117950711245155,2.9115001106243583,-1.1493348679517825,-0.6990366926101164,2.601586562742643,0.4440224036790761,-1.0363676681427245,-1.0418464869950481,0.1691313087323966
-1.3837406771166259,-0.6884015452028069,-2.734494265227628,-1.111768929159574,-1.4323477587243418,-1.1928914020576915,0.9708538037281322,-0.006226695630185696,0.5912076579175112,-0.6423762610798456
0.5113639291580261,1.0143469263854512,-2.2054748583799126,0.8252508948626446,-1.3892296054219249,0.5634587398125124,-0.27436280265345564,-0.3027624870724531,0.03960085966570429,0.4188292088227763
-3.023682699369496,3.040680609677899,-0.05550258821448848,1.8940055154243098,0.4368534670017639,0.13195231464162555,0.5380821656692386,-0.12632704821672788,0.9247910772168328,-0.1155464248368588
4.635661839621409,0.743363902825318,-2.4622777265850293,0.7098055863081049,1.8052848541235942,1.419448607703584,0.8215760542362157,0.620099005537511,0.43356872110831146,-0.22630188104283963
-1.418446047341387,-1.6561571781723883,-0.23775122261337706,-0.5501261577566569,-0.2922850677161364,-0.8006235867217834,0.06929076739925794,0.6742714950619261,-0.558911328263293,-0.19264107968744523
1.1902685216506905,-1.638583610849704,0.8211523873045259,3.161310814493124,-2.433679464449775,0.7511615598723332,-0.66507517629818,0.058054323478102195,-1.4737362796748092,0.10638731147042793
-4.130208743599652,1.0633999795484421,-1.5425380117016778,1.1262318749580025,0.11676579333607891,-0.9933839932570155,0.6592691436068258,-0.6931169107805363,0.155932847519658,0.5551144271291841
1.710916802288299,-0.3889823014310569,-1.9823491601523593,-1.7030201095504907,-1.4502654315164367,1.5882577647594371,-0.1927761127072512,-0.22481099426505188,-0.5660281483910707,0.6485027023083739
-0.11576075480033757,0.3540356882832818,-0.6366520009279459,-2.7536398365015606,2.005511639940722,0.4097037376271653,0.6441154349859176,0.8319624840134311,-0.6583718335416491,-0.3255111103614157
6.8577298535844635,0.40415258852705505,-3.4010852988497757,0.8503354712081989,0.42289832870880045,-0.7762327458049354,-1.6428148455331308,-0.8944606199559619,-0.18932450829266181,0.2538307489487754
-4.120932235305598,-1.605462444004054,0.15495877020378823,-1.630476552084923,2.8877648383618117,2.338851785832919,0.055642474918144585,-0.1645589613625221,-0.5201620366282534,0.9613862208498031
7.9295638836103555,-5.027400083807606,1.4601246902861365,-1.1024134385599318,1.2963991158660084,-1.162337125096606,1.137870780942166,0.40615462634704796,1.124697716328989,-0.1770900497589226
-4.341376488341404,2.151575339827579,0.16854669901448643,0.8264847721101766,-0.5297982231424471,-1.3084060181235277,-0.5475288253949337,2.4730981227236684,0.2419531102745325,0.0149377000640929
-1.4398788931836615,-1.4291262019428617,0.8376881453999052,-0.6451031401516328,1.365571236065825,-1.8168922478231837,0.1471744999448768,-0.29801199788584287,0.6009131235383165,0.5919617041642177
7.397416584637829,-5.064530938024996,3.297872823261784,-0.5824382856656208,-2.253847997864159,-1.4197783297813509,1.300007223789265,1.4455495536062808,-0.09598102682845847,0.7857179160706127
1.303174306044047,-0.7457065920044106,3.076045205642321,-3.538817712539463,2.817951541612969,-1.5492806407687845,0.3008988809075543,-1.1455598659313633,0.1446052727194924,-0.10864514295431357
-1.1515747612737737,-1.466301514350009,-0.3286622933684987,0.8451960934205086,-1.3918349437599613,-0.4667446364274414,-0.9660538019568167,0.09676700313298796,-0.43372634891961115,-0.155001191144487
-4.692908224913133,-2.428777707946232,-1.8268921874686204,-0.25198360825017196,-0.025274558871596697,0.9375571912852433,-0.19920754284118256,-0.02128536773544363,0.3299307042221841,-0.4045228382841147
-0.38883330826411683,-1.8030486303878028,2.6665888624071443,-0.506481694085712,-0.4617485753682794,2.11235818738473,0.1390276779308001,-0.1376854145171095,-0.2584247394463244,-0.3389849989287527
8.1273509172241,-0.6873221582128851,2.769164118171253,1.208930642496124,-0.027732296419937758,-0.6979034653831787,-1.004418724287013,0.19356518996341285,1.3931949332754612,1.114007062647499
-2.749525915011785,-1.3448114095425832,0.5010005233356788,-1.6246704069089262,1.0075399234194962,0.6469939742552995,-0.9147806886536741,0.703512774824797,0.3456334678089059,0.025560671485215077
3.9922177274663637,4.515948626681255,-2.2645458620197108,-5.85941753205765,-2.5904904922940126,1.0242443856006564,0.8122592075808854,1.1946710121759765,-1.2194654711687276,0.45068218938943905
-2.4036542754386225,1.4863148588082147,0.5612662964471459,1.471837075611921,3.533328285163049,0.5005873070984568,0.006106610918455392,0.286605757272817,0.015701150766510838,-0.016386868219372245
-1.8454764744951186,1.0268469772930362,-0.8159464972056946,0.7988689369658226,-0.3867414690744555,-0.5771839796312696,-0.5146457756950507,-0.5498559135525853,-0.7213710262728298,0.30977988996951106
-2.5170229465067786,-0.6795298052699388,0.8680140274993756,1.7443149690565654,-0.49433977757635955,0.45914603914961155,-0.07234707271035534,-0.10220498484092765,-0.9807715871818076,-0.5374520909388193
4.240069482864445,-2.129712657306976,-1.9225475434048613,0.5392248443656493,-0.08407385629914368,-0.2416499463066181,-1.0857849471695007,-0.3011376871697584,0.3627095946319732,-0.07836128073343254
2.763113314590343,1.066349401929192,-0.7219214260085719,1.0960909207857927,-0.8783344731156236,0.09526878141752322,-0.5593221387494293,-0.182292927328226,-0.6675604786173386,-0.4770656792443904
7.472773921314908,-4.387988391526362,-0.7606624230656412,0.7350392333117233,2.8566881751311892,-0.4675355809775247,-0.2680231242449563,0.33394973671962985,1.3858909548670728,0.5287930707913249
1.2418580304042262,-4.74575295737549,1.2445923489220632,0.3115460744397538,1.2296135957224434,-0.8603193636932354,0.3665326061385539,0.12957434520429836,0.5693124848140185,0.48492490694914075
-0.513226092275988,-4.258053475895513,-1.1106315268635316,-1.182234357916663,1.5287976183855159,0.26093301018947224,0.10421121316589575,-0.37613879460415933,-0.01957752084999815,0.11294126242622904
4.8047986655731565,-3.237052911475014,-1.5332647160484578,1.209907575431342,1.2509022165469412,-0.2344674845323251,-0.17970974038495013,0.38870655390731734,-0.7318011604073059,0.05242895829656733
-0.35904479162358166,3.0563762046849883,2.507222782346921,0.9565000391067711,-1.3153525579985568,1.8398414715067464,-0.12021852666624999,-0.040819219729404534,-0.46236328287540707,-1.318684775700886
-0.7802531435621164,-1.0333862690783082,2.644153390101174,-1.2949935447687624,0.7262327402599116,0.6237586052374106,0.1934428309970925,-0.9097247127285617,0.051247646920066135,-0.09703890784559686
-1.6341470730415781,0.21031610839388595,-0.28149295566542426,1.291510035008264,0.3390243643451096,2.451785985725134,-1.0697594108011892,0.15365319071089695,0.06848090487364113,0.156342090945336
0.7738058067586673,5.7201048003767845,2.7322339186077724,-2.348853154914465,-1.3073709343044668,0.024743288363097957,-0.4058562387114586,-0.09541573731455329,0.5407320309996365,-0.18479589007197553
-4.48377434406329,-4.478820068011908,-0.9580573243997409,-1.1455714990492938,-0.24651988008872644,0.9068198440171723,-0.2248517309690844,0.08340223319676156,0.7409610090240132,0.3953800564082021
-2.8874667087489203,0.9032624057733467,-2.0935211898788335,0.6558045225030817,-1.1853570718595439,-0.5243422273777013,-0.33125063502300056,-0.01051758457789283,-0.14950150571247367,0.15121281297765113
2.981987875464568,-4.055846042054998,1.1372579596849717,-0.15315854784711966,1.771335931317557,-1.0676763556222304,0.9214376424608927,0.24878984480126667,1.0207640459695149,0.26734230493388406
-4.738479774744467,-0.4062108226716531,0.3581802959673437,2.446514036907005,-0.2666849382107893,0.29663965335378273,-0.5535998583770655,0.1907595090728903,0.16639100939322635,0.9918773655928901
2.5244956395424683,-4.604043036186534,0.7622861086349488,0.28462760418242394,-0.9114310626434553,-0.8312430551685144,-2.2461460316075015,0.9650592037808085,1.0664238496525864,0.055772782160650236
-2.933562733747175,-3.6477489000670396,-0.030975036187766574,-0.37216783281557336,0.5645658286735257,-0.13256282151138188,0.13818550623720988,-0.6479362687843706,-0.3891293854655127,0.05941272612390546
-0.8074220205543887,-1.1173963342290767,-1.2910860458083457,1.0643541378193715,-0.38954290464431923,1.0474259989585855,-0.8863098415797235,-1.4811583095524792,-0.6054157751081627,0.7983283939758088
10.036282393953421,-1.2211416253556608,0.3071310643856903,1.0937674566574098,1.5497708439539768,-0.8690724312100634,1.0672197963642585,1.3023167721171418,-0.18566165864475298,0.32156049773346745
-1.5064851127258814,0.008112921899107868,2.9089216978011696,2.7761230060441413,-2.4201289151905216,1.8133159744042864,-0.149621973981891,0.04286312900272705,-1.4605692204415628,-0.32862698797493145
8.104532838577416,-2.2825863178949084,-1.3448350527404387,1.3814288583604502,0.06697584547159506,0.13649531614453547,-1.0288816426139056,0.008927913836870204,0.41656231199858573,-0.34000385214402107
6.077839030928144,1.6447178059625776,-2.356594859077863,-1.6283161983342977,-0.21766481231261256,-0.0740655312658144,0.27065306307647136,-1.243629592081557,0.6620558123257015,0.03858109304701381
0.5556499443655056,0.7984438546134737,2.0367081333852552,-3.9903891387091197,-2.7228143700509775,-0.020479027596405266,-1.6089749478492112,-0.35148846200054307,-1.183203196631269,-0.48804285420284893
-4.255653534509154,-1.8143155809965734,1.2995258262883225,1.0909548787273924,0.20909690969393493,0.6299078878691193,0.341153274582583,0.009985994769122427,1.0239721708491707,0.07804701717249497
1.1361084827976948,3.6205125595676715,2.066462859271941,-3.647955566034916,-0.9346793368134201,0.33047241335065475,1.6675213746026847,-0.19255811777911697,0.5013117256379163,0.3406053428659214
-4.099177205550923,-2.6123673161847587,-1.2762580323377486,-1.8173902476032218,-1.8388195873621858,0.1529716893416373,-0.1356698729077906,0.7677329414439237,0.11367975792029253,-0.2413850586854631
-2.9094349933413604,0.8297057494300173,2.322875711281116,1.7623181814487354,0.7642704675581559,2.3550668687822767,-0.9517564227077424,-0.40687567064739066,0.7951006201927519,-0.5499009442320519
1.4332146930234217,-0.6702633863908507,-1.003694799052268,-0.09740244254446967,0.39310907283398916,0.44094394255959163,-0.12746809255158875,-0.345321824819179,-0.009017060009600225,0.3929719524090849
-0.4678111498705545,2.5712095502297982,-1.1161652745242123,0.6053825928123067,-0.6093154708289794,0.28274253471290983,-0.42850161058626746,1.609874809798105,1.4971799099418976,-0.14935027125387665
-2.480160249155879,-0.09615576913152694,-0.327018582476205,0.6794860587544014,1.0098589492410492,0.4584724941372201,-1.3229403422861261,0.49176577111528497,-0.668150649325009,0.6055172572746853
-3.0624156737458375,-0.9412079256797793,-1.7272431508267672,0.4199882668751437,-0.9587197721563152,-1.2206105842624124,-0.44728014468514493,-0.6367978888917475,0.028383246888786653,0.22558902987039323
-2.9503235078512677,-1.9436247646718212,-1.3553764904355579,0.9510514948311092,-1.254508342446335,0.3431960489128074,-0.10559648330105881,-0.19665231646111603,0.9698873832547715,-0.6394173710890287
-5.176767171044322,-0.47487098352495277,0.372831834187024,-0.6696440071100712,-2.346123531781863,0.6771336200627005,-0.08497187247117734,-0.8242676072604179,1.2090548680840303,-1.6008562955197385
-1.0870995419552714,-0.7742238321292493,3.6164883180057106,1.318867049245028,-0.9058148166749403,-1.9103681372989747,1.916607246027761,-2.14714000953082,-1.7226787747529493,-0.9487003073999912
-1.7801073064291324,-3.407680227091603,-1.2552923950174137,-1.6410161568520474,0.3147423001423939,1.1492872280713815,0.944969950038536,0.09068100106829893,-0.32523043282487285,0.6309897086268673
-3.482396052812632,1.5885072440535473,2.9363515313501556,1.3602223621342244,-0.25857766147528166,-0.40286941960241823,-1.0757375487560796,0.2859662137493987,0.8541147684961459,-1.1775004104400535
-0.02604253724520108,1.5795511763254633,2.0629226286483795,-1.2217231928086956,-1.491254510056303,1.5865748602045642,-0.08271714918815454,0.040550813758490636,0.12431887230569588,-0.2674692299273268
-3.721112949515186,1.8311530516172854,0.3790599501663225,-0.0939344972433519,0.8211829900666232,-2.527861322390034,-0.5427973654946673,-0.34081584064994025,0.6556133265434203,-0.24749021017241982
-2.376666177222431,0.3165778011109259,1.0246513879048769,-1.1878527404673653,-0.924501431540609,-0.7200214482142278,1.0134814969832513,0.1518670743885458,-0.205705192384411,-0.5248402572220284
-2.91510358638549,-0.053947619686923735,2.7391366302498468,0.4279938994994427,1.9246712707876743,3.092550154208835,-0.6025132946924391,-0.05480758737043935,0.5886508401041042,-0.3320759344858201
-3.6842460950207934,-2.028795180758401,-2.0167567400264232,-0.18507061400887465,-0.04642185451222617,0.27617141638296927,1.4940669066266892,-0.09913600404330683,0.6986718313101224,0.6741312249322504
-6.410924889035954,0.9280810146250154,0.33162223181177003,1.0302362767003042,0.02017981216022946,1.4684911493918789,0.5657973948258381,0.519779032484956,0.5373294506391283,-0.0927052255552555
-4.502371987890321,-4.35554421148349,-0.9152341957704658,-0.6120451307108796,-1.489494700587232,0.031851643228089616,0.6986546386103537,-0.075991779381623,0.27049903343749654,-0.17971292481009035
-3.4690346701226242,-3.51112442589398,0.1970973098645501,0.2862417249557566,-1.7187537505551118,-0.737548324486161,1.661719202732148,-0.29132823070020103,-0.5039267166530307,-0.13967843818106312
-3.431529280917603,0.08240961301596508,-0.06434431659831873,1.423332445491439,1.6123822047468963,1.624115895361544,-1.0438174641312161,-0.1935243873791579,0.33555882904696976,0.004168657887816415
-2.5013861788482155,-4.456694886912235,0.06182325571728283,0.5269896108753279,-0.6416235633323389,0.1804202381454391,-0.15417965415454554,-0.005892858626905907,-0.2786937519721455,0.39788620453914536
-0.8728803056961251,0.5398490439300263,-0.3350568369468036,-1.043008883402843,-2.4089619612629076,-0.04356616526279083,0.7554782129121349,0.49803710880769403,-0.2349001256746055,0.2604990184081442
-4.148343041053832,-0.2966546882200719,-2.761323519218321,0.7788249649354537,-1.5741267328197608,2.0585054698069265,-0.052049287145093576,0.14320494219146623,0.0670936868148699,0.029095888426982006
-5.101872992380528,-3.1591421159572732,-0.8303039969872283,-0.8537745409121013,-0.3811790603291068,-1.6765967080318607,0.11935041576437189,0.027805586316987502,0.39038771044320386,-0.5740576590666443
-4.935915856904396,-2.5469082189329435,-0.4496222302755742,0.29028476029340067,-1.4491586171553645,0.4586320088683425,-0.4480627499459725,0.10497824822527126,-0.2623984611194763,0.20360575263789793
5.366720136192798,-3.043946328690238,-1.7042079934581862,0.43274122881451565,-0.40511406793979443,-0.5536896202466676,-0.08884033979962029,0.15951237028025889,0.27994488104666987,0.33185412527037883
-3.8404629048181773,-1.6604137056932329,4.521514791562304,0.23228849266839122,-1.4888343442204328,0.22877630580863012,-0.2816137060638024,-0.3464482603545282,1.177945579616875,-1.2384569081821588
-0.2396179093132338,6.0034574866217465,1.7532768258845444,-0.8099617968459436,-1.6933592739858747,-0.7106842918190545,0.5145963474161399,0.25972541381348,1.2283670393667112,0.27440447152374925
5.753850643300478,-6.056678585536613,1.2961062825341498,1.8748016963232306,-1.8578498515741564,1.585733831497909,-0.16632571942936625,0.4132211360077275,0.4128776134582319,0.22476965416286837
-0.7911659055628217,1.0522339375854488,-1.8576194267894757,-0.19761208931460844,-0.5299258869963442,-2.3140914870521643,0.12733502895985857,-0.8326118288959123,-0.0018157179386025764,-0.2607998521031312
-2.5870099012176153,-0.8047903047851427,-1.277097125313553,-0.006300891456288305,-0.2011583533979435,-0.2860600551332423,0.9528304738825003,0.06308309705410894,-0.5465862394605626,0.2369358938851945
-2.4954245576985725,-0.3995936856914757,-0.6552352413417808,1.2672718999936028,0.024566355630415357,-0.6258811797569954,-0.760302254333689,-0.056999955757560804,0.40862890846143574,-0.13526097454621366
-2.438034838288646,-2.269374093529363,-0.5514675186382748,-0.020832187084111272,-1.2624341296753794,-2.089330785841769,0.19679018511321844,0.07593646611380406,0.7310546513592232,0.16523546424496371
-4.756789284649922,-2.4128435029684363,-0.2068120244736204,-0.758523731706942,0.04248166782492224,-0.6709728382772631,1.1013657062844822,-0.14026261451717742,0.18431943417667992,-0.270669792809918
5.534843771683518,0.09870933456421417,-0.22300116173723303,1.4829238380002516,0.7057949497675517,-0.959797136490642,-0.47101116501398693,-0.7604236381718192,-0.2052728202761511,-0.062554327832369
5.010446527567014,0.2311675113653146,-1.954354186473058,-1.019078375304193,-1.1121185985703617,0.1322395436832043,-0.543165066735295,0.2838616716162529,-0.5833509833851286,-0.16798351546820575
1.0988249320710128,2.4927399293180668,-0.7397539908934032,-0.6030575437853465,-0.6583684433854676,2.273326625264185,0.34091111473301466,1.127514149979444,0.5621050529266264,-0.8485861528697789
-4.626978555840611,-0.9773975992024079,-0.7629326590574192,0.9252795657689316,0.23102638175859133,0.46435781691834854,0.8388978237816518,-0.03855785013255426,-0.04265326073188562,0.6318789981802745
-3.856563077373822,-0.9699956561602897,0.8449885987117962,0.019203882752166484,1.3819657075988856,-0.7040891090712044,-0.3282636758779693,0.4150733563302366,0.7687984479243344,0.19989831728562985
-1.6398368402359427,2.0203892287884124,-1.8518165129074822,-1.760601534117883,-1.6069109238840165,-0.22882680850476023,1.7631383824710984,-0.5168561501298202,1.8219904065104378,0.8396487009649638
-2.9581969930184515,2.0240992943562537,1.0959287213347257,1.3336268520254055,1.344002954145259,-0.3042253550274904,-0.34685827030236643,-0.794617170851352,-0.4025367757090658,0.1512935166604374
2.621381060514523,0.8314580915497224,-1.0982438017241518,-0.3787613573540831,-1.100335266827037,1.117845015106782,0.30837772731979446,-0.37062706641233434,-0.499358675631971,-0.13488975201270267
-1.0902365754113938,4.228855032901949,-1.2587348478355298,-1.9331852353991443,0.0016056067703593664,1.7224113666863172,0.33767636319575944,-0.06549229797659452,-1.3655667024517144,0.7705889601721676
-1.5416858140650045,3.0538304484093453,-1.7300050776170512,0.628575076502715,-0.3280957413114591,0.2887320745960668,-0.6133723548294939,0.42580993790091687,0.3302847145367995,-0.7154983643933177
-1.4653817041378072,1.756066372048211,-0.27375801487419926,2.6176363705850143,-1.1770274535680807,-1.1580808129309539,-0.2714278375726332,0.0168627607163167,-0.31683560490313145,0.7511654980804762
-3.15526843824659,-0.43750820417285174,0.11044489182828646,0.29883584592096873,1.0983812741892565,-0.15628574597781036,0.6560275139503228,0.9103540505197649,0.6034314125032386,-0.035885118860879334
0.48222805900295607,-1.5323580965624966,-1.299450585298514,0.2600682095888114,-1.74593976434052,0.6330945346436293,0.5226727931276264,0.9719333640705815,0.3979842255995545,-1.1935495432600844
-3.238345416011389,1.0614584690316462,-1.3958030744135574,0.7852720710118085,0.22790042650007777,-1.254225119471754,-0.038225194291578696,1.519136502832414,0.5108179363513761,0.5329241967831566
-1.3145224782443696,2.331098445089795,0.005295116302164546,3.406403093443812,-1.2619609155944873,1.8356549970041343,0.26036704665995813,-2.034053916710389,0.3040369895400701,0.9532315497899362
-3.8461219414350776,-1.7042814549859389,0.7307000718890397,0.8048263410147152,-1.0299783748572058,0.8713027210209002,0.7670174896080685,0.9373956577948915,-0.1987087040740377,-0.011040164909867362
5.599567065301348,1.336890861605674,3.3570442095456134,0.5360936849344669,0.4925375444369626,-1.9937016893751938,0.9260586509002141,1.5711452450303114,-0.546178692811919,-0.40446505676790395
-2.0864208500218635,0.9224844768368518,2.7044542123705018,-1.080550465410843,-3.7815509781598546,2.3374327797880623,0.5463213278678215,0.42739788211079033,-0.5172646539489228,-0.7391935450942292
0.8534317983719836,2.0790158291388225,3.714751199683041,-2.154720394859514,-2.367045684829643,-0.3792660622902172,-1.5041117207694084,0.23375316126544554,-0.32853059561784637,-0.5697986705128768
2.299058893255618,3.960619451511008,1.6593599031215713,-0.15313029517538546,-1.0164393744631892,1.1444145071652767,-1.3206337840605842,-0.7941797186435664,0.6837092677346631,-0.039576219969618236
-2.6293813750244257,-2.366300328788506,0.12178248867491596,-0.14003194747437736,0.3117856215825127,-1.1300328709278888,0.4634675100995776,-0.3747757728754399,0.6982326133307544,-0.19886659143133928
-2.289315066718695,2.991965476492018,3.9181102887786112,0.9795422836075252,-3.0068946159044483,0.5949289317839406,0.7552079789009786,0.4677443900476465,-1.5687960885352574,0.1402357465985064
-2.696446482896454,1.282561621156989,1.4524810459409008,1.1298220192324162,-0.0005566384587313022,-1.4634520303991958,2.2214139047852943,-0.011567322855530852,-1.3153714070508713,-1.3091455073381582
-4.499542056668095,-3.862679582623294,1.3876392178349843,0.5893109557932094,-0.6446109676011443,0.23072990975698954,0.3922141422224765,0.40348127068924095,-0.4112192569957437,-0.18301775629885048
-1.7033833842883945,-1.3480856819097642,1.1236842119962283,-0.14748514131777715,1.3233555293338426,0.6818348995259597,-0.36007167258502293,-0.7201712702062112,-0.15512557185839485,0.4888463348395639
-1.7835502917928223,-0.0030114531397620993,-0.14167017539589996,0.27673289462212064,0.748771904414456,-0.03678651211683802,-0.5583872172732256,-0.7986110130527247,0.14875375870510668,-0.18111907265668825
1.1506954802288414,-2.6379891239213604,0.8542486257205805,0.2497435287911467,-0.1652421977436938,-1.5932976213577799,-0.7931436257496358,-0.11552315529764906,0.8487239090716867,-0.03701494599781019
-2.594675193606148,-1.902261949355164,-1.9188021175583247,-0.8270743227972562,0.14765926927545048,0.37054470234056897,-0.06200235259382066,0.29679067817101856,-0.0544173113488899,0.5635916588103858
7.077090458040181,-5.259971077766724,1.1285768711109554,0.9768479104439537,-1.0147876683396289,-1.1794013196952813,0.42766551169611206,0.36422833932254206,0.5401281003433674,0.025715830506263294
-1.3846424056035362,-0.19374272901038453,-1.1079462045234336,0.5133429646925566,0.5131939415213502,0.6091702734024785,-0.3459016660825081,0.7743064032943183,-0.6166999812167171,-0.5721788460422371
-1.4816047840355329,-2.7235074330363545,-1.7757250251000705,-0.43361277924984337,-1.9002935259326188,0.4211061928951799,-0.9386036535335238,0.09575943588258244,0.44467339949857365,0.672764778843371
-1.938636382871769,-1.3940839076922282,-1.9517066566980743,0.22152769365291974,-0.29777200322327885,2.1291662525490684,-0.2393699149803839,0.307214608224327,0.37059107916332995,0.4066179856074106
1.6680513551972547,0.28373026946268887,-2.753232624357663,0.16343331617002943,-0.9848304072261873,1.0758877060696415,-0.35909764604269195,-0.9868243790884885,2.0222741887114295,0.5465489972642148
-2.6077424145651555,-2.6960099821187584,0.5101763751709213,-1.502346492144112,3.2470312597684274,0.10451212111780983,0.22355207424621604,0.3762992044726623,0.4994408796442739,-0.22335648308403977
-0.44724755950009293,0.9340145998898413,-2.400623960367305,-1.4552331103091336,-0.6196961472134064,1.8424387846345194,0.22370033783295473,1.144280292008771,0.7547489784122804,0.8273822813833971
0.11675482074940013,3.8054290609826835,-2.1078166733349377,2.069616202852354,-0.41955377226542806,-0.3305869681523149,-0.36216657117112744,-0.8868837567573638,0.036846720764481006,-0.46576410458838885
-3.081282289134301,0.4971347678025383,-1.1168965160827984,0.21371204029278784,-0.05579997348132363,1.9569959195126028,-0.5446016442166661,-0.4763858922496462,-0.6291248549166399,0.5655487222998665
-0.2614492891148918,2.6139250140221333,1.9253794494049437,-5.797693944448805,-0.43795194913144836,0.8686383746919674,0.6063206932123186,-0.034495702305284426,1.748302503440533,-1.2868353203200729
1.3433972750257024,4.027300811612912,-0.9080920467823373,-1.9262384549786613,-0.6782965445314314,0.20158346490971848,1.4457165830158198,0.3562910112960208,0.5626224825859848,0.745439859420084
-1.174919938560932,-0.976172354018015,-2.0000665732326643,-1.4807539523912014,-1.4405077206155057,0.6809236175972662,-0.5766399407828277,0.13236071726913262,-0.649777074423757,-0.05867085758292498
1.496848088281598,-1.2213784730817978,2.6033840779226156,-0.5007454341453869,0.7663100402973214,-1.0299098730451628,-1.3047991819545968,0.3345377180000343,-0.8623758308437508,-0.16090339228363587
-0.793928696620725,1.049541103769716,-0.357072630228944,-2.3359173592829916,-1.9040158774327922,1.3240929476816732,0.5609412421701878,0.03540988678162667,-0.4910569507852899,-0.1847375985413731
-2.6740759933586893,-3.3276445756998347,-0.3174007823334181,-1.1715218990261296,-1.2279283358429733,1.3270011302459668,0.2390437298334501,0.03355509764856203,-0.13902895155888806,0.29043909572324395
-3.7161214426678475,1.3553795069071701,-2.162509385995989,1.2063278508342257,-1.1433386683387947,0.10349817280409787,0.09487755250113007,-0.2621992823320637,-0.23612830546514657,-0.26287973504927226
8.685519145470542,1.8982171847378682,0.6545825881400736,1.3018045942394578,-0.24728964203497744,-0.8581844555265994,1.2481077245337482,0.08380429688221498,-1.1484750027822994,-0.8128617475894521
-1.2536782392661872,0.9468302853495166,0.3967540474000853,1.7951807011002883,1.0062565706859885,-0.1796999145678795,-0.919377667126207,-0.5257619045628804,-0.23444209461486454,0.3741781169118997
-2.3709270721199895,-2.1776286451996003,0.26653082514943555,-0.5288718226905235,0.6276448275426997,-0.007658810594433756,-1.1559048603851885,-0.9953232784254902,0.666419356165319,0.10179670931278095
1.1683168608440317,0.7021988718359541,-0.9962905804483084,-0.6167566084339524,0.7894407729417844,-0.8697690589284156,-1.5789765690595492,-1.391022020685424,-0.6458431001322534,-0.16173722928219686
-0.32169403635782534,-0.24414169815385794,2.1097275129501987,-2.449387285692903,-2.1479925493048766,0.17763222327194084,-0.13326279974035093,-0.8232458209372114,-0.709158336046652,-0.09333462243118887
-3.502217364890927,-0.11631518006117009,-1.8512050922302636,-1.8268245282983775,-0.31544354704685873,0.21628436388530317,1.5335054923690417,0.42861560935122867,-0.5119755738909134,0.3068228119654313
-1.9361276618131318,0.03283569660748294,-0.022276598914627185,0.19856233724086253,0.23634260399860954,0.39041435831919474,1.1107151314007966,-0.275474655601139,-0.9379681101689801,0.7775627827782066
-2.898416641626521,-1.2296729959239883,-1.27829356926023,0.08325299879049435,-0.6841733199607692,-1.174454976946069,-0.07346997517170323,0.14050846953978177,-1.2536277349108789,0.4763443052035049
-0.8906857769524903,0.062026683659897476,1.2174611041375965,-1.330936400638585,-0.5837122578130273,3.432809102285452,-0.10513868844966917,-0.44490091289539746,0.2247650408917433,-0.0823720080951341
-1.9266699439524617,-0.2355022942208989,-2.209607803877723,0.11559500467006559,0.4904698304369722,1.2259333106950092,-0.3427163767523812,-1.0141278744611446,0.4775546480111014,-0.7728536212770137
-3.2758386627482565,-1.5619364236709443,1.8141424455891757,1.4238550935222296,-2.251467247455524,0.00508657012812181,-0.5682986704455374,0.5812878908799521,0.029340107068273454,-1.1750633512826145
-1.5357221216072603,1.587012088757847,2.237124569907147,0.3839889978912475,-0.006200749936134135,-2.0839286284139122,0.3039023158836743,-0.040627413241856786,-0.4900492753043213,-0.8780302676128624
0.4854419164867964,-2.6032892499595355,-2.0599063290169535,0.25455183797729114,-0.9608111741258232,0.08793721108456819,-0.6744174741927436,-0.6576066613381707,0.5337989830679644,0.04958549577876073
0.4360934401733807,1.4849465674117381,4.348276262336032,-2.8547710701565223,-1.27226336117872,1.5830000071588664,1.598128018926856,0.09310636598468765,0.791832205436847,0.21680929096720084
6.486807435203737,-0.9469937954233821,-0.6973985746057376,0.8948011500938668,-0.3182151010376378,-0.4449004803794827,-0.16646154338475894,-0.030023892197801577,0.3469980836710902,0.8343035938793316
-1.0639264362032397,0.07089773527251864,1.4891806721557408,1.1834295010018727,0.9306975861773243,2.047836050075683,-0.9589882178806592,-0.2637766911921081,-0.5213663458923987,-0.276584099791614
-2.5641582084197077,-0.37891125821970956,-0.5801313662783246,-0.06357923855245577,2.8487023969339624,-0.5620652463419488,-0.18942252006191504,-0.08909719163029495,-0.9131347075736683,-0.3929029213946049
-2.7117443968154635,0.8661826190046165,-0.991523861093445,0.9703351282670775,1.2849640550494654,-0.4986544816279984,-0.11545152643052732,-1.1116114422239587,-0.034433248993158375,-0.6307174156822478
-4.079424934814054,2.114015325878997,0.4865089540936772,-3.4429681862114707,1.0042217713704578,0.04827492062777649,1.2157728173677198,0.5357926194969274,0.4295517626681818,-0.748881784349019
2.3392910923349826,-0.006035100327231253,0.3405080685830644,-1.3032570723796513,1.089887292320287,2.064565422519198,0.405601796246411,-0.49572472430171954,0.20862090611523157,0.40469938321024546
0.7050560989327327,-2.6477964626421215,3.9980129924400774,1.5903247922230275,2.4120397101244144,2.053812111216683,-0.5964685872165548,0.9627922734435869,0.42627466061586405,-0.5672742922943071
-1.2650272243075003,1.7473844622376211,0.8310275823715919,1.3425059188512878,1.0236805683272299,0.3890761633542141,-0.9449487041302259,0.5353628345848379,-0.14867487994573095,0.9265728906176021
-2.3472346781945803,0.3924575243979004,-1.7557210265642975,-0.14369200043743877,-1.3900247369683905,-0.4256440997985355,1.2054617026092374,0.7677725813132353,0.8128845935504919,0.24030979443198877
-3.3670790975016516,0.3251169529024295,1.5095829386210733,1.5960196598919631,1.7299208536749173,0.03357416032541233,0.020310304007953216,-0.11633849749412245,0.6399343511726925,-1.2000227683651807
-1.046573659359966,1.5918404848725187,0.8239498651128278,-0.1895110191761752,0.6851872811518896,1.2158917662012416,-0.1474384600264031,0.05218456542762703,-1.0478960473455103,1.087433463536169
5.270819935740707,4.206031060910868,2.3367513660066113,0.5866593987840149,-3.2959898331330812,0.5161786973764926,1.1007173120642668,-0.5922908708428964,0.29093297097826604,0.7075494786628722
-0.7029876877391524,1.6685287545327177,-1.430622844497382,0.6752799800549232,-0.7943878937786556,-0.29107072720808386,-1.382335160585895,-1.0477727239602646,-0.8341596978616361,-0.5149543875642366
1.520377157078038,0.8195277381819255,-1.1194760660270362,-1.999108364661341,-0.11873588296742882,0.9940430038277814,-0.269317161618757,-0.924866894546071,-0.22831329443280743,0.0752724959284866
-5.234496791516042,-0.2960373295768782,0.2232568782308976,-0.4180653323220066,1.9976688656800585,-0.5600109014265439,1.1725424112463805,-0.4890914586493846,-0.020596143601273077,0.3618668069095806
0.012751375647908205,4.364796098834861,0.2620489450455018,-0.8079446850569969,-1.2426702023787843,0.9626358383188692,0.5807210716114212,0.05074943187590537,-0.9693808323644553,0.25583558259766453
-1.5944765707033095,1.0283893158975546,1.4989507559067603,0.1661574393860754,1.8239611463821044,0.9688125931317014,-0.340499976098849,-0.3615392722043981,-1.4884179678204033,0.6261791033252938
-5.059655312655557,-0.8418662866712677,-0.2602064991882944,-0.49432685119425035,-0.30204238780054593,-0.160216510774792,-0.14580705857659715,-0.0027642519475819297,0.590269610110865,-0.34666879379296295
-3.645174538468801,-2.6663581884233216,0.8770875755367282,0.12002921077682101,-0.7384934772710294,-0.6539538642198884,-0.11692086706989463,0.6455234852091934,-0.09032647797338948,-0.17318954361021513
0.3673075042644984,4.456695796596684,0.7033617075380024,-1.015997177855889,-0.6136512127153146,-0.8363894907061397,-0.07572884945737673,-0.022571542744055755,1.2633204187088702,1.030219882161721
9.181700036551144,-0.3498180441550392,0.19428930049097035,0.6453539364238412,-1.4151534166340418,-1.299933886106166,-2.4514862080844053,0.9334482327471796,1.8326557764802933,-0.5937947508303475
-1.0421426221901755,-2.2756681589081977,-0.7334466104389995,-0.14737110783164228,-0.8581104584372179,-0.49586151080899954,-0.22797618968591984,0.17691362822008,0.3513797237056602,0.2192214232911379
2.800161490672813,1.245430814102049,-2.9497763322559405,-0.5074586884275498,2.027267198438135,-0.9633345945345749,0.19207298715138446,0.09238626458594389,0.038835093232825864,-0.703109918599381
-1.436150655718045,-0.3503389080648694,-0.09462089429499808,1.7437464879049152,0.2959545182369817,1.2433858489767748,1.071978172028268,0.2696940768347544,0.19318247068665106,-0.1521938088861027
-0.9128459721754689,-1.374244559437875,0.8991520754925155,0.9767053849325611,-1.0341648160733294,-0.1210291146668407,0.329847661319363,0.7411141297737845,0.10848624236647757,0.42447560695769365
-1.7569286058660294,-2.289062673396177,1.6331061466631995,0.43540615705786584,0.7672364532155691,-0.29545716830554297,0.5569248719810237,-0.44818149188880124,0.6416653681245416,-0.31250606559611427
-2.4738288906877566,-2.9360674884814526,-0.7888772109514515,-0.8700274761653294,-1.2632187579497918,-0.6565991083082261,-0.29459531564459257,-0.5763455564461935,-0.08489879249284192,0.4733544228458157
1.7246504577465576,4.173417640633677,0.7451881459514682,-3.651260967022023,-0.6886546344325053,-0.7811800979855338,-0.3695312930083449,0.6386573351891761,-1.7415208431645803,-0.49459170912211914
6.438842837359394,-1.2890238433454144,2.753160317054373,-2.4443702900094033,0.786664576338767,-0.8917837259659697,-0.45102505825003275,1.213632379563382,-0.7054793032205804,-0.1358776547374071
-2.684691321956573,-2.7553986129565113,-0.1504184467248163,-0.3874219556297365,-1.845315017017182,-1.6831110397026061,1.3312276352427102,0.13239719963920096,0.13552261195957235,0.49943703797448347
3.935329921047284,-2.8097797820789845,-2.311329439587132,-0.6882009014456603,-0.7404282459427314,0.09679398402520553,-0.34848102512783435,-0.02605788085647926,0.6569829257031722,0.2847731236557294
-0.25601259149237876,2.2818868499216896,1.1511499500341384,-0.08194237375945974,1.1548726578029025,-0.799393084317719,-0.6813373090147211,-0.6099651079148745,0.423529611213593,-0.22188027037010624
7.210175232939261,-1.8533767565506885,-0.7023412539538986,-1.1583378028450915,2.7061952593752925,-0.3173606842945144,-0.11060410756409804,0.07876797623224546,-0.10539958471572583,-0.5377528223044277
-0.440281670529095,-1.2946934364323122,-1.6750961608135062,1.165051767893475,0.21211194519803822,1.994684027337542,-0.6678061835890089,0.37486947353653727,0.8487284627805868,-0.016669311362031716
0.4869799710727632,-1.811688802510204,-0.031671237638105726,-2.2731148756682966,0.5992644586250142,0.02183244435680953,-0.24735866467565953,-0.4029944879469244,-0.4017997177613216,-0.4952040493337588
6.351069440425801,-3.001484009683892,2.3890028346373837,0.5921394380953422,0.26623380010513764,-2.7666832773495478,-2.749183430386639,1.2168921451605181,0.5602760944692381,0.9384316558298739
-1.5045049817449896,0.8515783090592699,2.0875016173150986,-2.283517567182245,3.0334820698650025,-0.2058562822329232,-0.06878481484530954,0.060736627927390915,0.416523462585806,0.517997000193386
0.2769860809135146,-0.21095956020918766,-0.944401415834793,1.1462112914508567,-1.9483710046119733,-0.9933865574318985,-0.3093036683042161,-0.3826534443861408,1.240115609681393,-0.6859912829901088
-2.325448209612449,-1.2960222571242568,-2.128792351593616,0.3296516460949758,0.5321676246227572,1.1975144039426655,-0.5716219485372466,0.05133552103619823,-0.4106442148617266,-0.11725484783479571
-0.31038070871515666,1.784639376097661,3.645125810039997,-0.07225413005043606,3.745249345240118,0.017552949459242698,-1.4541747188157272,0.2609579001008395,-0.47138904522375646,-0.10841258619097716
-2.2414798566707748,-1.992340079129774,0.5828608125498292,-0.5794858250270005,2.7694795678054507,-0.7792504686215755,-0.5941136935155753,-0.22808116959516064,-0.1242394297255338,0.33927125151853194
-2.687788786769081,-2.629056519665377,0.8760087130917068,-0.20659033354091724,2.2432656534317696,-0.7821602409297425,-0.23719049962558778,-0.3182781606304753,-0.47957541028996953,0.6761581983178512
-4.35310963148531,-0.14959817427560534,1.9026826443591316,-1.3802295921525791,3.5584553795576865,-0.3138681794468302,-0.1364443308629552,-0.4196992454221138,-0.5704297814370953,0.1417504232557842
-1.613825442580107,-3.1650016313004485,0.9449935987334701,-1.6279592001497394,1.8123291067638305,0.6808524335154263,-0.33064481929191386,0.19894413734893812,-0.1261177202481697,1.018796955047479
-2.567795966516854,0.33658909775695967,-0.8274002447704633,-0.4060457981325074,0.4912685556153917,0.5416017736217159,-0.5412447623828817,1.5340056386132148,-0.009438371214814691,-0.7004193920426653
-1.8621457748045516,-2.195492422160884,-1.087087684634929,-1.6090882637903374,0.11302376912595422,-1.0639804527781587,-0.7164010371035245,0.6663905923061549,-0.7459359092819797,0.12490280908827231
1.6754265389689547,0.8819095840676023,-0.06283089991872842,-2.2310473233027293,-0.2619447918442537,-0.32108314909900765,-0.5397370872589472,0.9931492566881667,-1.2271689813876927,-0.24761878452575256
-3.9853748971730933,1.6958316666099427,1.5920729059564611,1.7415727625275892,0.5985373690816654,-0.0037790316386504433,0.6846813750038364,2.110918390109576,0.03161582016013811,0.03753516540982629
-2.1746727616366366,2.5138734321678933,1.1918994359522637,1.2130055551865488,0.39422792586623506,1.5082853752791456,0.7063284317843832,-0.2927101744011367,-1.4973187474008074,1.3213332320719715
0.3364662331777509,-2.2516946350215323,-2.40807248789237,-1.459778484412918,-1.2556651327374269,0.781097522377255,0.3661828504865952,-0.10056112535061298,-0.4403592391588727,0.31261763591855557
-1.1590423747471235,3.302052952389969,-3.0666897634658845,-1.9510960293242448,-0.3902550927217829,0.24410882461615524,1.5571457687491954,-0.5594231468535011,-0.4074465552616404,0.851171607948799
-0.9768335322221208,0.05689823407708737,-2.488774994724995,-0.9272499479724784,-0.4904867474195173,0.653469288788073,-1.0320502689406816,0.45555405503897717,-0.6108455894148372,-0.1689183190835858
1.5572958923435016,-0.7743892951969675,0.26108539242410445,-1.8900579155289372,-0.19184309581844783,0.13785293763984854,0.5143713555487345,-0.5950420400982896,-0.5252842654876947,-0.9783076046091734
-2.516084312237045,-2.8251421224802025,-1.7341580516166586,-1.216141997056451,-0.1458839164702627,1.6707580662953112,0.4247738986665867,-0.11928079055723781,-0.06366556946501774,1.1008078666283483
-1.4545318935397937,2.2997010871759405,-1.2131584505686634,-0.4635455340273891,-0.2146507603240055,0.290699968437218,0.18925004474070853,-0.595690839526613,-0.2532217156127072,-0.12151953190637535
7.830627196505553,4.456580811777627,0.7635352325761094,-1.6628881039766152,-2.1914271995047523,1.8393745840791187,-2.354932734187388,0.2743794513592004,0.7629017191472359,0.6020946341204256
-2.4594964112464157,-0.5827152271213042,-0.5829691510856542,-1.003804102575648,0.9846525225457541,-0.7270762759129297,0.6812005464660986,-0.5601179809318809,-0.1633836154842309,-0.5541950507740804
-1.2801361598569623,-3.094107081113179,-0.30064796968194674,-1.0068261034100774,0.38347681320952165,-0.1878313902179522,1.0806643540115044,-0.32451409695167255,-0.6422521880590979,0.28272359883856646
-0.19336508363045074,1.1202854458010891,-3.5297711466526116,0.5988448212105619,-0.43183888658229763,0.022711557405416062,-0.03794227016395817,-0.6942531602123788,0.9412187237655755,-0.5013543095754796
-1.2839234075434351,-1.6209737285351822,-1.2906743578130588,0.08998034528449442,0.16045136839631566,-0.45345866588602957,-0.3182543117346392,-1.6419037333895774,-0.32650144364198197,-0.2580699320086868
1.9833686576724825,0.06844184043442139,-3.9149004331894504,-0.41122931858954687,-1.8786809029973035,-1.3104528201179861,-1.6663059655552257,-0.3272672299816664,0.22469836254058453,0.517603035321305
-1.0803545525069826,-3.28267768261619,-1.1241728180532975,-1.3318983871733487,0.2924856448574262,-0.37751299750367706,-0.48626891650714893,-0.3555599890145465,-0.21957394913844794,-0.5260100370654547
9.78335095561876,-1.5490572512021985,-0.3069721960099239,0.8015808109365395,0.03648657472138969,-0.3214903535840037,0.2031727062634028,-0.15436540772543103,0.4572614495789763,-0.527419243383048
-0.7686085515689715,1.902851363894404,0.3446240965071715,2.1793270278028376,-0.5492561461306609,-1.243608982509436,-0.13051775450320818,0.0026212776685432828,-0.2847654514573687,-0.1038979474816529
-2.3991195051194905,-1.0224013593945922,-0.33614858338158715,-0.45741348487011063,2.4134934302426507,0.4330037967967886,0.8751113330774607,0.6461049590321148,0.061610064944521446,-0.2967521137036167
0.5798089140518234,-6.383245347487945,0.8207689155015662,-0.3018109034113652,-2.518306972225788,-1.731278941584604,1.0389400374640616,-0.24683882562994777,0.3629255973596862,-0.4538182813285433
-3.960527434570365,-0.3877838175973313,2.5507815569388144,0.5565340755795632,-2.261093025854661,-0.016863784657040446,0.5350118716749481,1.142644273833798,1.6719966434670104,0.6921574010794499
-2.0690230433354957,-1.1514709659970968,1.8315094959847393,-0.0768637708099083,0.8569133307021506,0.6510045148928315,0.660444049961757,0.7518058326278895,0.28139236725689853,0.7697939775276658
-0.16130631311032825,-1.8217369054808663,0.8103361741071485,-0.5359611284150169,0.7553610759775539,-0.9976969022847476,-1.4665563336263934,-1.0553942114863923,0.88616566969314,-0.9626859976678093
1.4194264994141321,2.8281937895946117,-2.749704500141289,-0.507788278909685,0.2257534868787097,-0.275147330358443,0.5089397629219198,0.2647356990276011,0.24398521889954955,-1.0318565935924164
-1.8918967942813065,-0.7879660558440047,-2.184554154248527,-0.6540641493375964,0.7729516553994378,0.2901717432096234,-0.24262827109256938,-0.05150274779980023,-0.2703732949072599,-1.0189802937983508
10.490590775391778,-2.1807427847709198,0.40672380992714047,0.19216792975227398,-0.4962431594665489,-1.82469570502363,0.6638075181288278,-0.656963417886388,0.5624129264652634,0.6626339602084518
1.4373128860127153,-0.6938096793958218,-1.1599844493360203,-0.6091649081350217,-1.2839767107326792,-1.2970942813969235,1.530810840598109,-1.9242440465313957,0.573178097220315,0.14486660609312668
5.739666407005785,5.913856309678234,0.8320598520979078,1.3152914168930347,1.5675915618842473,0.3881044794127222,1.1266476836746244,0.20646138171894637,1.0373309325809077,0.9921342619413135
-0.6163670544595242,2.5779216757943098,-0.2415581569136313,2.4676693614837806,-0.2799171176648545,-0.38605702498688504,-1.7315317854687677,0.25647165814653955,0.8302716539682802,-0.22684414876675163
-0.20318590083836946,2.8252137841198635,-1.7622589891387934,-0.49950800236555537,0.6010548809716735,-0.06998716437064786,-0.4951528108636763,-1.1342954914202599,-0.26984668558645186,1.5002338597259415
0.4467126113084637,-2.017255406131247,-1.5365199710595425,-0.27456171516360145,-1.584461342923332,-1.489576188947369,-1.8350902126845507,0.30904238856151733,0.6633832864047594,1.0016974364995146
7.917376831920599,5.313837184459264,1.049957573890815,-1.753322660220739,1.4463009030833045,-1.1718530732819241,-1.0483689484255705,-0.33090116523233765,0.7546942567703109,-0.4261029182637539
-0.7829826458383858,3.301315126526575,-0.3366327294240084,-3.334231950920803,-2.4945609766104164,0.6717304050683068,0.5449181557877197,0.8460649518637822,1.104141778804317,-0.12330783157756134
-1.8484290684975222,-2.879442158806621,-0.5510017841983711,-0.03907598767980498,-1.6704254174793245,-0.4961769402146978,-1.3016040398233475,0.25922667005134264,0.10465273746377772,0.6927726255800627
5.135832142539407,3.5165948028921163,-1.9247464098250735,0.8059232995263738,1.1499964823862994,0.5140549230917749,0.9975133514128279,-0.5574807667832307,-0.7127337000997057,-0.5851229698743095
0.8114111709151348,-1.7354509600175032,-0.833422207333955,0.46574788127359407,-2.0865209557803532,-0.10013530287317472,0.031094476054742713,-0.2791431020149993,-0.8360670286451164,0.06281589327314843
1.3910803300605274,-2.3884748205128865,0.2524926663544438,-0.6595516962945965,0.183996689203842,-1.1870751485814994,0.17439888900245898,-0.6685200540211883,-0.8596689753340013,-0.2512075347343772
-1.888613970040693,1.4463027313862349,-0.09814918129503064,1.9280031479287674,0.34785022065894466,-0.01652091060964943,-1.9225671517341292,0.19091617411884276,-0.4369960534506559,-0.2761415435606226
6.649043654004286,-2.3644650156168527,-0.2181708788905734,1.7493000463358537,-0.2738303383296413,-0.6960090005481104,0.29263664546872425,0.11539511095404863,0.3717403512120358,0.2329238983361052
7.797907618347495,-2.8143966345381366,-0.8240509637782385,0.18749968902659994,-0.7205816450407415,-1.2639209715008213,1.277879803119394,-0.4477474853630898,0.854497330414617,0.7516258256899074
1.5939671821793253,2.193530217480968,-0.2839584285687487,1.22351965554949,-0.36775108784360255,-1.5624915017696628,1.7572876948250433,-2.0920564514396496,0.32653681122718187,-1.2288028555212125
0.05920640555440567,1.8699265033284467,-0.5542531091330637,2.2870254353779313,-0.2804149003826163,-0.17109136043814394,0.7176380076557499,-0.6504056726236911,-0.09378313525022164,1.0222781263559635
-4.819029851286006,-0.8742179564321286,-0.7300129316218956,-0.40347180481484096,1.4450190516333397,-0.006286548283277626,0.7319818563513895,-0.7637749058780637,0.38315814064469716,0.15706994944328137
0.9613252184006659,1.5241248134663536,-0.13818080479288855,0.06563636964098583,0.16107884804364694,-0.6703992757346053,0.5676963669352155,-0.36227242453264696,0.552748329905027,-0.3197740869755342
-3.048759473225437,2.444770362897655,-0.19692070477456283,-0.268500243672512,0.04453570882673556,-1.8281264573690852,1.328254919866866,0.6501914164354023,0.20492707902855398,-0.6511735306342676
-3.4747574212361045,4.317557207898282,-2.743383172914953,0.18585707942595073,-0.10199080783797808,-1.2108896655464678,0.867992179817342,0.858860181447841,-0.3461955384217719,0.0031502085865262285
0.44402963258452904,0.5012072680067724,-3.415135343369461,0.709525645902182,1.4733287005354714,-0.10721676286014423,-0.11074643859478878,0.049989287425633064,-0.2408298481720761,-0.6995533016744891
-2.765189020688881,-1.1193126166880978,-3.602788319434061,-0.01605782068682645,-0.12203658462600207,0.3053811478201217,-0.5451031727650444,-0.15549042161972765,-0.6978451068483449,-0.11620947531757538
-1.857354470897112,1.1715979873039009,-1.9519122904585429,1.4830467291128546,-1.288969669978017,-1.252038977864995,-0.11433496953248709,0.3600409672536615,0.1709904187077285,-0.4969996430945807
-0.28540795441243955,1.1200795489575577,1.6557026585462897,0.9071926134075683,0.3216415945692677,-1.6916646481515556,0.6141878132267817,-1.5836396821514447,-0.7382061748831982,-1.3401019113722836
-0.9732091944929777,1.5624769154448355,-2.1223808818217327,0.24441128654983554,2.028759193529607,0.18750941126749207,0.4713415876684602,0.011918925245457793,-0.5504239019121678,0.186103557211397
-1.9345934351690524,-1.9522772951446998,-2.7310930435346723,0.17423690179442863,0.036887680249905956,-0.40183722973731123,0.6705304773715787,-0.3079347233736905,0.0757239930266264,0.14549390706727716
-1.339735407773583,2.936593713286225,0.43320379658528296,-2.059255475763507,0.3583161667542798,-1.7802469079443353,-1.397343976742892,-0.2559897052270989,-0.6238467578032079,0.7225135989194327
2.7123232600662535,1.3126104203226892,0.37022458502542954,-1.4521523635833886,1.9893564994356217,-0.27637943262337383,-1.65440208040151,-1.3986560131920482,-0.21975072311397242,0.5580572951844179
-0.5167381147811049,4.268442839471864,1.9673313916134447,-1.2180545848364661,-1.7652995828966174,-1.402044004076585,-1.037059852713142,-0.10425330260293071,0.17063782393588509,1.8340349475534392
3.4592077639559955,2.5436624070104825,0.35194622245886037,-2.2759195748870713,1.1482764297187347,1.5917891625652827,0.6940309406365747,0.9549256489170965,0.8752681886520625,0.8996737743701657
0.1406087141136047,-2.1513792670507486,1.4618036484188595,-0.34805069815305434,1.5849471255111962,0.8835925506573659,-0.4664266369109856,-0.8135713282874693,0.22655952216590372,0.1392632060552264
-1.6648815095962979,-1.9236730378610347,1.6013889264633894,-0.8813849271288695,3.076444974999872,-0.006937123307240948,-0.8052546119287671,-1.1420657263229623,0.13217942006400718,-0.46736972898969836
-0.4387021376327582,0.2825519606579672,0.0339341741366953,-1.006372219984192,0.06651000751148155,-1.0962728624105396,0.9764384101706417,-0.5951937324003724,0.7571059199643584,0.47387854489764136
-0.8097547405262924,-1.182373678500675,1.5335128481553841,0.03416293139859455,0.970266214566832,0.13244277079865477,-0.007692415590155265,-0.1960677044203635,0.26148594330885766,-0.19162536294674612
-4.536114976182862,0.4984173321230365,-0.5799373483770168,1.048767021192114,0.27739365904707064,-0.29370666922948707,0.15143948452714093,-0.20981536488843155,-0.48751997480053044,1.048532338909721
-2.396545313596717,4.123444873696385,-0.15026151646580718,-1.2895575507959676,-0.40164652850293403,-0.5345545400273551,-0.2509465531405125,1.4698630251734424,1.0469105778178511,0.7289056158423101
-3.7901615285080963,1.2640154131546721,1.7125401027410339,-0.35157470381513334,0.23581751051429176,-0.22477264334179037,0.6132600767180872,0.44786774910918237,-0.2734765654896956,-0.3501155025518855
-1.8760396113131939,0.7788901125535488,3.533732819136807,1.7744088070667716,1.787632566488368,1.2349445561579762,1.7204858802768956,0.23799180326802075,-0.7986039865909608,0.40800149478095765
-5.176343247245021,-0.786741519373192,2.563518699445333,1.1198536896238274,0.6100401674498033,0.7323802445658125,0.6343922951261974,1.4235797227898452,0.8565463405937305,0.15476056357649798
-1.3708268908938483,2.4135769989154703,1.4903952330139674,-0.2746954567751574,0.7300472232767727,2.8148615273382167,0.30312854495543606,-1.3399955293820105,0.5112166624901565,-0.4275130016664874
-2.4739791177615738,-1.5511459926793736,2.2601168610689375,-0.5530978211302106,2.9758723201280803,-0.8658105922629925,-1.0955951734956295,0.8686608719086704,0.20964309496744737,0.10167935899450536
-1.227809176400129,-0.49233489725873,1.924703738816104,-2.081473111754029,2.673466725405123,-0.44663143508329956,-1.0817486515060808,0.9553667604228595,-0.12683900392241712,0.5690041032945321
-1.3128593068240715,3.3580137440155413,3.767157336488737,-2.2762775405012645,2.284509099514748,-1.8896485056677539,-1.7277738979022177,0.4806876138524637,-0.2587953431783702,0.6847287569642043
2.239110350745246,0.6444703739150628,0.9557649015873378,-4.653670518711315,-0.7261672777914542,0.523729458586231,-0.6892464428516716,-0.8467145922005757,0.0493889454911581,-0.4184779649964335
1.2947353229258756,0.715171662842472,2.686516245783733,-1.2740984631730075,0.9896559542770765,-1.1086693066339188,0.619305765069893,-0.589910616103686,1.171755990318982,-0.44327106204982936
4.573379384312793,-1.8687495077142033,2.3041748373899376,-2.7132531546725422,0.49871324928884736,-0.30747984856818256,0.36811452087410057,0.052717047236474864,-0.5469270152544706,0.3165879712870357
